{
    "code": 200,
    "msg": "",
    "data": {
        "goodsItems": [
            {
                "imageUrl": "http://www.patica.cn/picture/img2.1/business/shell/model/white.jpg",
                "goodsCategory": "色彩定制",
                "goodsBrand": "b0001",
                "goodsCode": "p0015",
                "isEnabled": 1,
                "id": 83,
                "present": "",
                "price": 1888,
                "description": null,
                "goodsColor": null,
                "goodsModel": null,
                "goodsName": "iphone色彩定制 经典白+玫红",
                "goodsAttr1": null,
                "goodsType": 1005,
                "goodsAttr2": null
            },
            {
                "imageUrl": "http://www.patica.cn/picture/img2.1/business/shell/model/red.jpg",
                "goodsCategory": "色彩定制",
                "goodsBrand": "b0001",
                "goodsCode": "p0016",
                "isEnabled": 1,
                "id": 84,
                "present": "",
                "price": 1888,
                "description": null,
                "goodsColor": null,
                "goodsModel": null,
                "goodsName": "iphone色彩定制 法拉利红",
                "goodsAttr1": null,
                "goodsType": 1005,
                "goodsAttr2": null
            },
            {
                "imageUrl": "http://www.patica.cn/picture/img2.1/business/shell/model/pink.jpg",
                "goodsCategory": "色彩定制",
                "goodsBrand": "b0001",
                "goodsCode": "p0017",
                "isEnabled": 1,
                "id": 85,
                "present": "",
                "price": 1888,
                "description": null,
                "goodsColor": null,
                "goodsModel": null,
                "goodsName": "iphone色彩定制 李嘉欣粉",
                "goodsAttr1": null,
                "goodsType": 1005,
                "goodsAttr2": null
            },
            {
                "imageUrl": "http://www.patica.cn/picture/img2.1/business/shell/model/tao.jpg",
                "goodsCategory": "色彩定制",
                "goodsBrand": "b0001",
                "goodsCode": "p0018",
                "isEnabled": 1,
                "id": 86,
                "present": "",
                "price": 1888,
                "description": null,
                "goodsColor": null,
                "goodsModel": null,
                "goodsName": "iphone色彩定制 浪漫桃红",
                "goodsAttr1": null,
                "goodsType": 1005,
                "goodsAttr2": null
            },
            {
                "imageUrl": "http://www.patica.cn/picture/img2.1/business/shell/model/yellow.jpg",
                "goodsCategory": "色彩定制",
                "goodsBrand": "b0001",
                "goodsCode": "p0019",
                "isEnabled": 1,
                "id": 87,
                "present": "",
                "price": 1888,
                "description": null,
                "goodsColor": null,
                "goodsModel": null,
                "goodsName": "iphone色彩定制 法拉利黄",
                "goodsAttr1": null,
                "goodsType": 1005,
                "goodsAttr2": null
            },
            {
                "imageUrl": "http://www.patica.cn/picture/img2.1/business/shell/model/purple.jpg",
                "goodsCategory": "色彩定制",
                "goodsBrand": "b0001",
                "goodsCode": "p0020",
                "isEnabled": 1,
                "id": 88,
                "present": "",
                "price": 1888,
                "description": null,
                "goodsColor": null,
                "goodsModel": null,
                "goodsName": "iphone色彩定制 迈凯伦紫",
                "goodsAttr1": null,
                "goodsType": 1005,
                "goodsAttr2": null
            },
            {
                "imageUrl": "http://www.patica.cn/picture/img2.1/business/shell/model/orange.jpg",
                "goodsCategory": "色彩定制",
                "goodsBrand": "b0001",
                "goodsCode": "p0021",
                "isEnabled": 1,
                "id": 89,
                "present": "",
                "price": 1888,
                "description": null,
                "goodsColor": null,
                "goodsModel": null,
                "goodsName": "iphone色彩定制 迈凯伦櫈",
                "goodsAttr1": null,
                "goodsType": 1005,
                "goodsAttr2": null
            },
            {
                "imageUrl": "http://www.patica.cn/picture/img2.1/business/shell/model/blue.jpg",
                "goodsCategory": "色彩定制",
                "goodsBrand": "b0001",
                "goodsCode": "p0022",
                "isEnabled": 1,
                "id": 90,
                "present": "",
                "price": 1888,
                "description": null,
                "goodsColor": null,
                "goodsModel": null,
                "goodsName": "iphone色彩定制 电光蓝",
                "goodsAttr1": null,
                "goodsType": 1005,
                "goodsAttr2": null
            }
        ],
        "goodsConfig": {
            "goodsTypeName": "定制手机色彩",
            "declareType": "iphonecolor",
            "showStyle": "list",
            "goodsType": 1005
        }
    }
}
