[
    {
        "href":"/pc/resource/img/p1.jpg",
        "hots":[
            {
                "name":"iPhone6 plus 外屏破碎",
                "price":444
            },
            {
                "name":"iPhone6 外屏破碎",
                "price":333
            },
            {
                "name":"iPhone5s 外屏破碎",
                "price":222
            }
        ]
    },
    {
        "href":"/pc/resource/img/p2.jpg",
        "hots":[
            {
                "name":"iPhone6 plus 外屏破碎",
                "price":444
            },
            {
                "name":"iPhone6 外屏破碎",
                "price":333
            },
            {
                "name":"iPhone5s 外屏破碎",
                "price":222
            }
        ]
    },
    {
        "href":"/pc/resource/img/p3.jpg",
        "hots":[
            {
                "name":"iPhone6 plus 外屏破碎",
                "price":444
            },
            {
                "name":"iPhone6 外屏破碎",
                "price":333
            },
            {
                "name":"iPhone5s 外屏破碎",
                "price":222
            }
        ]
    },
    {
        "href":"/pc/resource/img/p4.jpg",
        "hots":[
            {
                "name":"iPhone6 plus 外屏破碎",
                "price":444
            },
            {
                "name":"iPhone6 外屏破碎",
                "price":333
            },
            {
                "name":"iPhone5s 外屏破碎",
                "price":222
            }
        ]
    },
    {
        "href":"/pc/resource/img/p5.jpg",
        "hots":[
            {
                "name":"iPhone6 plus 外屏破碎",
                "price":444
            },
            {
                "name":"iPhone6 外屏破碎",
                "price":333
            },
            {
                "name":"iPhone5s 外屏破碎",
                "price":222
            }
        ]
    },
    {
        "href":"/pc/resource/img/p6.jpg",
        "hots":[
            {
                "name":"iPhone6 plus 外屏破碎",
                "price":444
            },
            {
                "name":"iPhone6 外屏破碎",
                "price":333
            },
            {
                "name":"iPhone5s 外屏破碎",
                "price":222
            }
        ]
    }
]