[
    {
        "name":"首页",
        "sref":"indexContainer.index"
    },
    {
        "name":"维修下单",
        "sref":"indexContainer.repair",
        "hot":true
    },
    {
        "name":"二手机回收",
        "sref":"indexContainer",
        "hot":true
    },
    {
        "name":"特色服务",
        "children":[
            {
                "name":"碎屏保险",
                "sref":"indexContainer"
            },
            {
                "name":"定制彩壳",
                "sref":"indexContainer.colorfulIndex"
            },
            {
                "name":"硬盘升级",
                "sref":"indexContainer"
            },
            {
                "name":"新机售卖",
                "sref":"indexContainer"
            },
            {
                "name":"数据传输",
                "sref":"indexContainer"
            }
        ]
    },
    {
        "name":"公司简介",
        "sref":"indexContainer"
    },
    {
        "name":"联系我们",
        "sref":"indexContainer"
    }
]
